{
  "min_pa": 100,
  "n_pairs": 1058,
  "n_per_pair": {
    "2022->2023": 345,
    "2023->2024": 354,
    "2024->2025": 359
  },
  "pooled": {
    "model": {
      "r": 0.48074380495842395,
      "r2": 0.23111460600590317,
      "rmse_calibrated": 0.03459144780113097,
      "rmse_raw": 0.03632503695727105
    },
    "savant": {
      "r": 0.4870755537397356,
      "r2": 0.23724259505087006,
      "rmse_calibrated": 0.03445332574375354,
      "rmse_raw": 0.0383210991916872
    },
    "naive": {
      "r": 0.39035340617795505,
      "r2": 0.15237578171473157,
      "rmse_calibrated": 0.03631947920547108,
      "rmse_raw": 0.043163400691089406
    }
  },
  "per_pair": {
    "2022->2023": {
      "model": {
        "r": 0.4788168128211614,
        "r2": 0.22926554024021512,
        "rmse_calibrated": 0.03470124881062212,
        "rmse_raw": 0.03671742279259494
      },
      "savant": {
        "r": 0.5156712380485289,
        "r2": 0.2659168257505025,
        "rmse_calibrated": 0.03386611281157455,
        "rmse_raw": 0.03894823562096587
      },
      "naive": {
        "r": 0.434165264429095,
        "r2": 0.18849947683678597,
        "rmse_calibrated": 0.035607142112314756,
        "rmse_raw": 0.04188726313212455
      }
    },
    "2023->2024": {
      "model": {
        "r": 0.48661366905838077,
        "r2": 0.23679286291445933,
        "rmse_calibrated": 0.03508257579495194,
        "rmse_raw": 0.03738578887346009
      },
      "savant": {
        "r": 0.48079693186644573,
        "r2": 0.23116568969218765,
        "rmse_calibrated": 0.03521167127064977,
        "rmse_raw": 0.03859987677588112
      },
      "naive": {
        "r": 0.3497754417986586,
        "r2": 0.12234285968544681,
        "rmse_calibrated": 0.03762120535399889,
        "rmse_raw": 0.046201120271902756
      }
    },
    "2024->2025": {
      "model": {
        "r": 0.5037727889646937,
        "r2": 0.2537870229012658,
        "rmse_calibrated": 0.033121415128342026,
        "rmse_raw": 0.034854917270198356
      },
      "savant": {
        "r": 0.4984514008378705,
        "r2": 0.24845379899723544,
        "rmse_calibrated": 0.033239564658230844,
        "rmse_raw": 0.03742716645230466
      },
      "naive": {
        "r": 0.42225361554867435,
        "r2": 0.17829811584392768,
        "rmse_calibrated": 0.03475638718831673,
        "rmse_raw": 0.04122741049346222
      }
    }
  },
  "model_vs_savant_bootstrap": {
    "r_model_minus_r_savant": -0.006331748781311652,
    "ci95": [
      -0.024551887609538033,
      0.012845189744807708
    ],
    "frac_model_better": 0.2638
  },
  "verdict": "model ~ Savant (no significant gap)"
}